objectid,filename,youtubeid,title,format,description,creator,recipient,date,date-is-approximate?,item_information,subject,location,latitude,longitude,related_publication,publisher-digital,source,findingaid,original-identifier,identifier,rights,rightsstatement,type,language,relation
wocim001,edith_erby.jpg,,Edith Irby Jones,image/jpeg,"Dr. Edith Mae Irby Jones was the first African American student accepted to the University of Arkansas Medical School (UAMS), the first African American accepted to any all-White medical school in the South, and the first woman president of the National Medical Association.",,,"December 23, 1927 - July 15, 2019",yes,Photograph,University of Arkansas for Medical Sciences; Baylor College of Medicine; National Medical Association; Freedman's Hospital,"Houston, TX; Little Rock, AR; Hot Springs, AR",29.73134,-95.3604937,,"Historical Research Center, UAMS",,,,,"Standard Federal Copyright Laws Apply (U.S.) Title 17).  For inquiry, please contact the Historical Research Center at hrc@uams.edu or by calling (501) 686-6735.",,Image; Still Image,eng,
wocim002,JordanLena_f.jpg,,Lena Lowe Jordan,image/jpeg,"Lena Lowe Jordan was an African-American registered nurse and hospital administrator who managed two institutions for African Americans, a hospital for the care of crippled children, which later became a general hospital. In addition, she began a unique training program for young black women who wanted to become practical nurses.",,,"April 6, 1884 - September 30, 1950",yes,Photograph,Lena Jordan Hospital; Arkansas Home and Hospital for Crippled Negro Children; Charity Hospital of Savannah,"Little Rock, AR; Savannah, GA; Washington, D.C.",34.7348496,-92.2861613,,"Historical Research Center, UAMS",,,,,"Standard Federal Copyright Laws Apply (U.S.) Title 17).  For inquiry, please contact the Historical Research Center at hrc@uams.edu or by calling (501) 686-6735.",,Image; Still Image,eng,
wocim003,kathryn.jpg,,Kathyrn Hall-Trujillo,image/jpeg,"Kathryn Hall Trujillo founded the nonprofit organization Birthing Project USA, which has the goal of reducing infant mortality rates.  Dr. Hall Trujillo is a public health expert and advocate who focuses on healthcare for African American women.",,,"July 19, (1948-)",yes,Photograph,Birthing Project USA; Cuban National School of Public Health; Arkansas Black Hall of Fame,"Pine Bluff, AR; Los Angeles, CA; Albuquerque, NM; Havana, Cuba",37.7766,-122.4507,,"Historical Research Center, UAMS",,,,,"Standard Federal Copyright Laws Apply (U.S.) Title 17).  For inquiry, please contact the Historical Research Center at hrc@uams.edu or by calling (501) 686-6735.",,Image; Still Image,eng,
wocim004,MO_Hale_f.jpg,,Mamie Odessa Hale Garland,image/jpeg,Mamie Odessa Hale Garland served as midwife consultant for the Arkansas Department of Health from 1945 to 1950 and is credited with training the states midwives to ensure that they knew the proper techniques to manage the medical aspects of pregnancy.  Her contributions led to establishing improved maternal/infant mortality rates and regulation of midwives in Arkansas.,,,"November 9, 1910 - July 10, 1979",yes,Photograph,Crittenden County Health Department; Arkansas Department of Health; Allegheny General Hospital,"Keeny's Creek, WV; Little Rock, AR",34.7406336,-92.3140096,,"Historical Research Center, UAMS",,,,,"Standard Federal Copyright Laws Apply (U.S.) Title 17).  For inquiry, please contact the Historical Research Center at hrc@uams.edu or by calling (501) 686-6735.",,Image; Still Image,eng,
wocim005,0120306_mamie-phipps.jpg,,Mamie Katherine Phipps Clark,image/jpeg,"Mamie Phipps Clark was the first African American woman to graduate from Columbia University with a doctorate in psycology.  She opened the Northside Testing and Consultation Center in Harlem, which was the first practice in the area to offer psychological and casework services to local families. ",,,"October 19, 1917 - August 11, 1983",yes,Photograph,Columbia University; Howard University; Mount Sinai Medical Center; Northside Center for Child Development; Riverside Home for Children,"Hot Springs, AR; Washington, D.C.; New York, NY",40.7939189,-73.946639,,"Historical Research Center, UAMS",,,,,"Standard Federal Copyright Laws Apply (U.S.) Title 17).  For inquiry, please contact the Historical Research Center at hrc@uams.edu or by calling (501) 686-6735.",,Image; Still Image,eng,
wocim006,mamie-phipps-clark-image3.jpg,,Mamie Katherine Phipps Clark,image/jpeg,"Mamie Phipps Clark was the first African American woman to graduate from Columbia University with a doctorate in psycology.  She opened the Northside Testing and Consultation Center in Harlem, which was the first practice in the area to offer psychological and casework services to local families. ",,,"October 19, 1917 - August 11, 1983",yes,Photograph,Columbia University; Howard University; Mount Sinai Medical Center; Northside Center for Child Development; Riverside Home for Children,,34.21,-92.02,,"Historical Research Center, UAMS",,,,,"Standard Federal Copyright Laws Apply (U.S.) Title 17).  For inquiry, please contact the Historical Research Center at hrc@uams.edu or by calling (501) 686-6735.",,Image; Still Image,eng,
wocim007,Caduceus 1966 page 223 Freda McKissic.jpg,,Freda McKissic Bush,image/jpeg,"Freda McKissic Bush, M.D., is an obstetrician/gynecologist with long experience in addressing issues of women's health.  She often speaks on topics such as sexual health, sexually transmitted diseases, and social behavior education.",,,1966,yes,Photograph,"University of Arkansas for Medical Sciences; University of Mississippi Medical School; Medical Institute for Sexual Health; Center for Pregnancy Choices, Metro Jackson",,34.7493,-92.3206,,"Historical Research Center, UAMS",,,,,"Standard Federal Copyright Laws Apply (U.S.) Title 17).  For inquiry, please contact the Historical Research Center at hrc@uams.edu or by calling (501) 686-6735.",,Image; Still Image,eng,
wocim008,char_00001033-001.jpg,,Florence Char,image/jpeg,,,,"April 7, 1923 - October 10, 1998",yes,Photograph,"University of Arkansas for Medical Sciences; Arkansas Children's Hospital; Johns Hopkins University, Peking University; State University of New York; ","Peking, China; Little Rock, AR; Baltimore, MD",34.7493,-92.3206,,"Historical Research Center, UAMS",,,,,"Standard Federal Copyright Laws Apply (U.S.) Title 17).  For inquiry, please contact the Historical Research Center at hrc@uams.edu or by calling (501) 686-6735.",,Image; Still Image,eng,
wocim009,nlm_nlmuid-101.jpg,,Mamie Odessa Hale Garland,image/jpeg,Mamie Odessa Hale Garland served as midwife consultant for the Arkansas Department of Health from 1945 to 1950 and is credited with training the states midwives to ensure that they knew the proper techniques to manage the medical aspects of pregnancy.  Her contributions led to establishing improved maternal/infant mortality rates and regulation of midwives in Arkansas.,,,"November 9, 1910 - July 10, 1979",yes,Photograph,Crittenden County Health Department; Arkansas Department of Health; Allegheny General Hospital,"Keeny's Creek, WV; Little Rock, AR",34.7406336,-92.3140096,,"Historical Research Center, UAMS",,,,,"Standard Federal Copyright Laws Apply (U.S.) Title 17).  For inquiry, please contact the Historical Research Center at hrc@uams.edu or by calling (501) 686-6735.",,Image; Still Image,eng,
wocim010,Edith Irby Jones.jpg,,Edith Irby Jones,image/jpeg,"Dr. Edith Mae Irby Jones was the first African American student accepted to the University of Arkansas Medical School (UAMS), the first African American accepted to any all-White medical school in the South, and the first woman president of the National Medical Association.",,,"December 23, 1927 - July 15, 2019",yes,Photograph,University of Arkansas for Medical Sciences; Baylor College of Medicine; National Medical Association; Freedman's Hospital,"Houston, TX; Little Rock, AR; Hot Springs, AR",34.7493,-92.3206,,"Historical Research Center, UAMS",,,,,"Standard Federal Copyright Laws Apply (U.S.) Title 17).  For inquiry, please contact the Historical Research Center at hrc@uams.edu or by calling (501) 686-6735.",,Image; Still Image,eng,
wocim011,P799 MJE Ped.jpg,,M. Joycelyn Elders,image/jpeg,,,,"August 13, (1933-)",yes,Photograph,University of Arkansas for Medical Sciences,"Schaal, AR; Little Rock, AR; Washington, D.C.",34.7493,-92.3206,,"Historical Research Center, UAMS",,,,,"Standard Federal Copyright Laws Apply (U.S.) Title 17).  For inquiry, please contact the Historical Research Center at hrc@uams.edu or by calling (501) 686-6735.",,Image; Still Image,eng,
wocim012,Patricia Newton.jpg,,Patricia A. Newton,image/jpeg,"Patricia A. Newton was a founding member of the Black Psychiatrists of America (BPA) and a celebrated advocate for Black psychiatrists and patients. Dr. Newton was one of the first APA/NIMH Fellows and the first woman chair of the Department of Psychiatry at Provident Hospital in Baltimore. Her clinical work centered on anxiety disorders with a special focus on posttraumatic stress disorder, as well as depression and chronic mental illness.",,,"August 11, 1945 - September 27, 2020",yes,Photograph,University of Arkansas for Medical Sciences; Washington University School of Medicine; Johns Hopkins School of Hygiene and Public Health; Black Psychiatrists of America,"Pine Bluff, AR; St. Louis, MO; Baltimore, MD",39.3359399,-76.6696922,,"Historical Research Center, UAMS",,,,,"Standard Federal Copyright Laws Apply (U.S.) Title 17).  For inquiry, please contact the Historical Research Center at hrc@uams.edu or by calling (501) 686-6735.",,Image; Still Image,eng,
wocim013,Elders with ACH patient.jpg,,M. Joycelyn Elders,image/jpeg,,,,"August 13, (1933-)",yes,Photograph,University of Arkansas for Medical Sciences,"Schaal, AR; Little Rock, AR; Washington, D.C.",34.7422222,-92.2927778,,"Historical Research Center, UAMS",,,,,"Standard Federal Copyright Laws Apply (U.S.) Title 17).  For inquiry, please contact the Historical Research Center at hrc@uams.edu or by calling (501) 686-6735.",,Image; Still Image,eng,
wocim014,FlorenceChar014.jpg,,Florence Char,image/jpeg,,,,"April 7, 1923 - October 10, 1998",yes,Photograph,"University of Arkansas for Medical Sciences; Arkansas Children's Hospital; Johns Hopkins University, Peking University; State University of New York","Peking, China; Little Rock, AR; Baltimore, MD",34.7422222,-92.2927778,,"Historical Research Center, UAMS",,,,,"Standard Federal Copyright Laws Apply (U.S.) Title 17).  For inquiry, please contact the Historical Research Center at hrc@uams.edu or by calling (501) 686-6735.",,Image; Still Image,eng,
wocim015,hqdefault.jpg,,Freda McKissic Bush,image/jpeg,"Freda McKissic Bush, M.D., is an obstetrician/gynecologist with long experience in addressing issues of women's health.  She often speaks on topics such as sexual health, sexually transmitted diseases, and social behavior education.",,,2018,yes,Photograph,University of Arkansas for Medical Sciences,,32.3250271,-90.1080883,,"Historical Research Center, UAMS",,,,,"Standard Federal Copyright Laws Apply (U.S.) Title 17).  For inquiry, please contact the Historical Research Center at hrc@uams.edu or by calling (501) 686-6735.",,Image; Still Image,eng,
wocim016,Joycelyn Elders.jpg,,M. Joycelyn Elders,image/jpeg,,,,1994,yes,Photograph,University of Arkansas for Medical Sciences,,38.9072,-77.0369,,"Historical Research Center, UAMS",,,,,"Standard Federal Copyright Laws Apply (U.S.) Title 17).  For inquiry, please contact the Historical Research Center at hrc@uams.edu or by calling (501) 686-6735.",,Image; Still Image,eng,
wocim017,Lidia Songandares.jpg,,Lidia Gertrudis Sogandares,image/jpeg,,,,"October 17, 1908 - March 21, 1971",yes,Photograph,University of Arkansas for Medical Sciences; Santo Tomas Hospital; University of Panama School of Medicine; Panamanian Academy of Medicine and Surgery,"Taboga, Panama; Panama City, Panama; Little Rock, AR",,,,"Historical Research Center, UAMS",,,,,"Standard Federal Copyright Laws Apply (U.S.) Title 17).  For inquiry, please contact the Historical Research Center at hrc@uams.edu or by calling (501) 686-6735.",,Image; Still Image,eng,
wocim018,LidiaSogandares3.jpg,,Lidia Gertrudis Sogandares,image/jpeg,,,,"October 17, 1908 - March 21, 1971",yes,Photograph,University of Arkansas for Medical Sciences,"Taboga, Panama; Panama City, Panama; Little Rock, AR",,,,"Historical Research Center, UAMS",,,,,"Standard Federal Copyright Laws Apply (U.S.) Title 17).  For inquiry, please contact the Historical Research Center at hrc@uams.edu or by calling (501) 686-6735.",,Image; Still Image,eng,
